{
    "ePro": [
        [
            "ApkCusT0m_K3y",
            "d3V-3Pr0-T34M",
            "d3V-3Pr0-T3@M",
            "d3V:3Pr0@T3@M",
            "d3V:3Pr0:T3@M",
            "d3V:3Pr0-T3@M",
            "d3V^3Pr0-T3@M",
            "d3V(3Pr0-T3@M",
            "d3V(3Pr0)T3@M",
            "d3V-3Pr0_T3@M",
            "d3V-ePr0_T3@M",
            "d3V-ePr0_t3@M",
            "d3v-ePr0_t3@M",
            "d3v-ePr0-t34M",
            "d3v_ePr0_t34M",
            "d3v_ePr0_t3aM",
            "d3v_ePr0_t3am",
            "d3v_ePr0_bl4th",
            "no1_ePr0_bl4th",
            "keY_secReaT_hc_reborn",
            "keY_secReaT_hc_reborn1",
            "keY_secReaT_hc_reborn2",
            "keY_secReaT_hc_reborn3",
            "keY_secReaT_hc_reborn4",
            "keY_secReaT_hc_reborn5",
            "keY_secReaT_hc_reborn6",
            "keY_secReaT_hc",
            "keY_secReaT_hc1",
            "keY_secReaT_hc2",
            "keY_secReaT_hc_2",
            "hc_reborn7",
            "hc_reborn8",
            "hc_reborn9",
            "hc_reborn10",
            "keY_secReaT_te4",
            "keY_secReaT_te4Z",
            "keY_secReaT_te4Z9",
            "keY_secReaT_te4Z10",
            "keY_secReaT_te4Z11",
            "keY_secReaT_te54",
            "s3cr3T_k3Y_ePro",
            "s3cr3T_k3Y_ePr0_3NcRypT",
            "s3cr3T_k3y_ePr0_3NcRypT",
            "keY_secReaT_e",
            "keY_secReaT_ePr0",
            "keY_secReaT_ePr1",
            "keY_secReaT_ePr2",
            "keY_secReaT_ePr3",
            "keY_secReaT_ePr4",
            "hc_reborn_1",
            "hc_reborn_2",
            "hc_reborn_3",
            "hc_reborn_4",
            "hc_reborn_5",
            "hc_reborn_6",
            "hc_reborn_7",
            "hc_reborn_8",
            "hc_reborn_9",
            "hc_reborn_10",
            "hc_reborn___7",
            "hc_reborn_tester",
            "hc_reborn_tester_1",
            "hc_reborn_tester_2",
            "hc_reborn_tester_3",
            "hc_reborn_tester_4",
            "hc_reborn_tester_5",
            "hc_reborn_tester_6",
            "hc_reborn_tester_7",
            "hc_reborn_tester_8",
            "hc_reborn_tester_9",
            "hc_reborn_for_you",
            "hc_easypro_7",
            "hc35_easypro_8",
            "hc37_easypro@2020",
            "hc38_345yPr0@2020"
        ],
        [
            "HTTP_Custom_v233_hc_easypro_7",
            "HTTP_Custom_v233_hc35_easypro_8"
        ]
    ],
    "slipk": [
        "dyv35182!",
        "dyv35224nossas!!",
        "fubgf777gf6",
        "fubvx788b46v",
        "fubvx788b46vcatsn",
        "fubvx788B4mev",
        "$$$@mfube11!!_$$))012b4u",
        "xcode788b46z",
        "chanika acid, gimsara htpcag!!"
    ],
    "tls": [
        "VCTCp8KqOl7CumzMicS4w77ihpPFi8Wn4oCdw6bCtHM="
    ],
    "sip": [
        "GS4ECAgEBAkFWSlZOF9UFw=="
    ],
    "aot": [
        "zbNkuNCGSLivpEuep3BcNA==",
        "Js09DrhnszTmIZeCGM6fxg=="
    ],
    "evozi": [
        [
            "fhIQ96q5VvemaL2m5X/t23+ErYQK740nsblplZvjq2w=",
            "Rnjg9Slfyas+na8yGwiXx40EXr+VIZUUz+9XD0koGBE=",
            "MiUQFV2nMl1kTKbmt9+LgO0gww7ZMuzLn+fisEz4+KQ="
        ],
        [
            "c9zx/b+CUJBk4ACkHUlMAQ==",
            "Igeltafe0t7U6xfOkcmCZg=="
        ],
        [
            "CFHSIHTTPINISSCF",
            "V5HSIHTTPINISS20",
            "V5HSIHTTPINISS21",
            "SBHSIHTTPINISSLS",
            "OBHSIHTTPINIOCTO",
            "AYJZIHTTPINIECKC",
            "SBHSIHTTPINILITE"
        ]
    ]
}